siteId,PGId,PGTerm
RH,cat10160012,RH Chandeliers
RH,cat10180118,RH Coffee Tables
RH,cat10210007,RH Fabric Chairs
RH,cat14010021,RH Pendants
RH,cat10160023,RH Sconces
RH,cat10240094,RH Dressers
RH,cat10220034,RH Rectangular Tables
RH,cat3850076,RH Ceiling Lighting
RH,cat25450027,RH Fabric Sofas
RH,cat10240093,RH Nightstands
RH,cat10180100,RH Side Tables
RH,cat10240087,RH Wood Beds
RH,cat10240088,RH Fabric Beds
RH,cat10220057,RH Bar and Counter Stools
RH,cat10180024,RH All Decorative Accents
RH,cat10180012,RH All Mirrors
RH,cat10180123,RH Console Tables
RH,cat10220048,RH Fabric Seating
RH,cat10160019,RH Table Lighting
RH,cat16820001,RH Sideboards
RH,cat11930016,RH Single Vanities
RH,cat10220042,RH Round and Oval Tables
RH,cat1860011,RH Duvet Covers and Shams
RH,cat10210015,RH Leather Chairs
RH,cat18620003,RH All Rugs
RH,cat25450028,RH Leather Sofas
RH,cat16840016,RH Media Consoles
RH,cat10180124,RH Desks
RH,cat10160015,RH Flushmounts
RH,cat3900062,RH All Wall Lighting
RH,cat10160027,RH Bath Sconces
RH,cat10160017,RH Floor Lighting
RH,cat6610131,RH Outdoor Dining Tables
RH,cat10180042,RH All Wall
RH,cat1639032,RH Wall Mirrors
RH,cat10180087,RH Cabinets
RH,cat17860005,RH Bath Towels
RH,cat11930014,RH Double Vanities
RH,cat16900100,RH Pillows
RH,cat16250001,RH Outdoor Chairs
RH,cat3900063,RH All Floor Lighting
RH,cat3860007,RH All Table Lighting
RH,cat10310014,RH Extension Tables
BC,rhbc_cat361051,BC Cribs
RH,cat1860005,RH Wood and Woven Seating
RH,cat4980014,RH All Bath Lighting
RH,cat10880022,RH Outdoor Dining Chairs
RH,cat10230007,RH Outdoor Sconces
RH,cat90041,RH Sheets and Pillowcases
TN,rhbc_cat479013,Teen Nightstands Side Tables
RH,cat10180020,RH Metal Mirrors
RH,cat1512023,RH All Pulls
RH,cat10210010,RH Fabric Ottomans and Stools
BC,rhbc_cat102129,BC Wall Art
RH,cat2420003,RH Fabric Swivels
RH,cat3090004,RH Outdoor Coffee Tables
BC,rhbc_cat206019,BC Wood Beds
RH,cat13640005,RH Closed Sideboards
TN,rhbc_cat479012,Teen Dressers
RH,cat10220053,RH Leather Seating
TN,rhbc_cat479015,Teen Desks Study Walls
RH,cat1679022,RH Bath Accessories
RH,cat14650097,RH Outdoor Side and Console Tables
RH,cat10230003,Interiors All Outdoor Lighting
RH,cat10240089,RH Leather Beds
RH,cat14460001,RH Marble and Concrete Tables
RH,cat780011,RH Mounted Hardware and Shelves
RH,cat26600072,RH Decor All Wall Art
RH,cat1520015,RH Sink Faucet Sets
RH,cat14130016,RH Vessels
RH,cat10180110,RH Sideboard and Hutches
MO,cat15990029,Modern Chandeliers
BC,rhbc_cat204006,BC Dressers and Changing Tables
RH,cat10710164,RH All Cabinet Hardware and Hooks
RH,cat16250029,RH Outdoor Chaises
RH,cat1870029,RH Bath Rugs
RH,cat10160029,RH Task Floor Lighting
RH,cat10180094,RH Open Shelving
RH,cat10180103,RH Sideboards and Consoles
RH,cat11930022,RH Powder Vanities
BC,rhbc_cat445031,BC Bookcases and Storage
TN,rhbc_cat481040,Teen Duvet Covers Shams For Her
RH,cat10240091,RH Canopy Beds
RH,cat10250051,RH Bath Cabinets
TN,rhbc_cat479011,Teen Wood Beds
RH,cat20300010,RH Single Washstands
BC,rhbc_cat111002,BC Dressers
RH,cat15600003,RH Benches
BC,rhbc_cat575002,BC Upholstered Beds
RH,cat22340008,RH All General Public
TN,rhbc_cat481007,Teen Chandeliers Pendants
TN,rhbc_cat575008,Teen Upholstered Beds
TN,rhbc_cat509016,Teen Chairs Loungers
RH,cat10340002,RH Cocktail Tables
RH,cat3850033,RH Medicine Cabinets
RH,cat10210009,RH Fabric Chaises Daybeds and Settees
BC,rhbc_cat377241,BC All Ceiling Lighting
RH,cat10180046,RH Bar Carts and Cabinets
RH,cat4050095,RH Cabinet Hardware
RH,cat17870001,RH All Outdoor Pillows
RH,cat160051,RH Metal Beds
RH,cat10180027,RH Objects
RH,cat1512021,RH All Knobs
RH,cat10160012,RH Chandeliers&sale=sale
RH,cat3850062,RH Shower Systems and Door Pulls
BC,rhbc_cat223001,BC Bunk and Loft Beds
RH,cat10180130,RH Closed Media
RH,cat21710036,RH Fabric Benches
TN,rhbc_cat481024,Teen All Art
BC,rhbc_cat377432,BC Childrens Seating
RH,cat3170002,RH Contemporary Rugs
RH,cat23010003,RH Paintings
RH,cat14310001,RH Bedside Tables
BC,rhbc_cat101053,BC Nightstands and Side Tables
RH,cat16980010,RH Task Sconces
TN,rhbc_cat479016,Teen Chairs Stools
RH,cat14130041,RH Trays and Troughs
RH,cat9660043,RH Storage Beds
BC,rhbc_cat353002,BC Play Tables and Chairs
MO,cat7030113,Modern Coffee Tables
RH,cat17660015,RH Throws
RH,cat11110001,RH Outdoor Bar and Counter
BC,rhbc_cat102139,BC Baskets Bins and Toy Storage
RH,cat18800002,RH Sofa Back Console Tables
RH,cat11100070,RH Outdoor Swivel Chairs
TN,rhbc_cat481025,Teen All Mirrors
RH,cat3850046,RH Open Bath Shelving
BC,rhbc_cat338027,BC Chandeliers and Pendants
TN,rhbc_cat481006,Teen All Ceiling Lighting
RH,cat3160005,RH Traditional Rugs
RH,cat10160021,RH Task Table Lighting
TN,rhbc_cat481010,Teen All Table Lighting
RH,cat14130039,RH Plinths and Sculptures
BC,rhbc_cat359027,BC Girl Duvet Covers and Shams
RH,cat10180118,RH Coffee Tables&
RH,cat10180102,RH Office Seating
RH,cat10160025,RH Picture Lights
TN,cat12130003,Teen Wall
RH,cat1537056,RH Fabric Sleeper Sofas
BC,rhbc_cat377426,BC Desks and Vanities
TN,rhbc_cat503001,for her bedding collections
BC,rhbc_cat337024,BC Wall
RH,cat26360016,All Quilts and Coverlets
RH,cat10210018,RH Leather Ottomans and Stools
RH,cat3160004,RH Moroccan Rugs
BC,rhbc_cat101055,BC Gliders Rockers and Sleepers
TN,rhbc_cat481041,Teen Sheet Sets For Her
RH,cat16610010,RH Armoires
BC,rhbc_cat359013,BC Girl Bedroom Collections
RH,cat15400001,RH Entry Tables
TN,rhbc_cat481043,Teen Quilts Blankets For Her
RH,cat9360001,RH Slipcovered Seating
BC,rhbc_cat138001,BC All Mirrors
MO,cat7030094,Modern Fabric Chair
RH,cat1870030,RH Shower Curtains
TN,rhbc_cat481049,Teen Duvet Covers Shams For Him
TN,rhbc_cat481011,Teen Table Lighting
TN,rhbc_cat481055,Teen Bunk Beds
RH,cat20300008,RH Powder Washstands
RH,cat14250011,RH Photography
BC,rhbc_cat101037,BC Girl Nursery Collections
RH,cat7160160,RH Office Decor Accessories
MO,cat7030351,Modern Sconces
MO,cat7030141,Modern Nightstands
RH,cat14260013,RH Framed Objects
RH,cat17940047,RH Robes Slippers and Sleepwear
RH,cat25900016,outdoor sofas
MO,cat7030118,Modern Side Tables
RH,cat16260007,RH Outdoor Daybeds
TN,rhbc_cat479018,Sofas Sectionals
MO,cat7030253,Modern Bar and Counter Stools
MO,cat7030142,Modern Dressers
CO,cat24600021,Contemporary Coffee Tables
RH,cat2420005,RH Fabric Recliners
BC,rhbc_cat377425,BC Desks Vanities and Chairs
BC,rhbc_cat359028,BC Boy Duvet Covers and Shams
RH,cat26600034,RH Wall Art Photography
TN,rhbc_cat702001,Teen Daybeds
MO,cat7030341,Modern All Ceiling Lighting
TN,rhbc_cat479014,Teen Bookcases Armoires
RH,cat22170043,RH Outdoor All Umbrellas
RH,cat10950064,RH Dining Benches
TN,rhbc_cat509017,Teen Media Storage Bookcases
RH,cat1870002,RH Vanity Mirrors
RH,cat5110015,RH Gilt Mirrors
RH,cat7110393,RH Comforters
RH,cat50038,RH Down and Basics
BC,rhbc_cat377242,BC All Table Lighting
RH,cat14250010,RH Drawings
RH,cat3860040,RH Floor Accessories and Storage
CO,cat24620002,Chandeliers
BC,rhbc_cat102124,BC Decorative Accents
BC,rhbc_cat692001,BC Daybeds
RH,cat10900003,RH Outdoor Concrete and Stone Planters
BC,rhbc_cat101038,BC Boy Bedroom Collections
BC,rhbc_cat326007,BC Girl Sheet Sets
RH,cat3330047,RH Modular Office Systems
RH,cat2420013,RH Leather Recliners
RH,cat15830001,RH Outdoor Patterned Pillows
TN,rhbc_cat509002,Teen Bean Bags Poufs
TN,rhbc_cat481062,Teen All Rugs
CO,cat24670011,Contemporary Fabric Chairs
RH,cat10180118,RH Coffee Tables&sale=sale
CO,cat24670005,Contemporary Fabric Sofas
RH,cat7110395,RH Pillow Inserts
IN,cat25470027,Interiors Chandeliers
RH,cat2420011,RH Leather Swivels
RH,cat1019001,RH Shades
RH,cat12330001,RH Bath Tub Fill Sets
RH,cat13570018,RH Glass Sideboards
RH,cat20036,RH Outdoor Replacement Cushions
BC,rhbc_cat199017,BC All Rugs
RH,cat26030005,Planters
RH,cat15550036,RH Bar Accessories
BC,rhbc_cat199031,BC Girl Quilts and Blankets
RH,cat22390046,RH Found Items
RH,cat21720010,RH Bath Ottomans and Stools
BC,rhbc_cat359029,BC Boy Sheet Sets
TN,rhbc_cat481029,Teen Shelving Hooks
RH,cat16900003,RH Performance Rugs
MO,cat7030137,Modern Fabric Beds
RH,cat20300009,RH Double Washstands
RH,cat3850076,RH Ceiling Lighting&sale=sale
RH,cat14250008,RH Abstract
BC,rhbc_cat337022,BC Wall Storage and Shelving
RH,cat10240094,RH Dressers&sale=sale
RH,cat1690032,RH Showerheads
RH,cat4170092,RH Jute and Sisal Rugs
RH,cat20820002,GP Abstraction
TN,rhbc_cat479020,Teen Benches Trunks
RH,cat10230001,RH Outdoor Pendants
RH,cat3880017,RH Wall Hangings
RH,cat10210007,RH Fabric Chairs&sale=sale
BC,rhbc_cat377399,BC Crib Sheeting
RH,cat10180016,RH Glass Mirrors
MO,cat7030248,Modern Fabric Seating
TN,rhbc_cat481017,Teen Sconces
MO,cat7030242,Modern Rectangular Tables
BC,rhbc_cat359011,BC Boy Nursery Collections
RH,cat23010003,RH Synographs
BC,rhbc_cat102145,BC Baby Blankets
RH,cat3160021,RH Textured Rugs
RH,cat10180135,RH Glass Media
TN,rhbc_cat481009,Teen Flushmounts
BC,rhbc_cat353033,BC Plush Toys Rockers and Chairs
RH,cat6330111,RH Outdoor Benches
RH,cat5110011,RH Natural and Wood Mirrors
OD,cat16250001,RH Outdoor Chairs